{"color":{"r":0.9921568627450981,"b":0.4745098039215686,"g":0.8196078431372549,"a":1},"index":4,"parentId":"2F750C76-441F-4FD3-B7A1-6B0FCAA06966","name":"100","version":1}