{"color":{"r":0.9330000000000001,"b":0.9330000000000001,"g":0.9330000000000001,"a":1},"index":11,"parentId":"38B2ED0B-3EFC-4DEB-AE19-0A78C3CC037E","name":"100","version":1}