{"color":{"r":0.9882352941176471,"b":0.9215686274509803,"g":0.8784313725490196,"a":1},"index":3,"parentId":"2A8C098F-8B74-42D7-AAC9-F2FA7C96D6B7","version":1}