{"color":{"r":0.8666666666666667,"b":0.0196078431372549,"g":0.3803921568627451,"a":1},"index":4,"parentId":"2F750C76-441F-4FD3-B7A1-6B0FCAA06966","name":"700","version":1}