{"color":{"r":0.9568627450980391,"b":0.2117647058823529,"g":0.2627450980392157,"a":1},"index":0,"parentId":"5D0954A6-C298-4365-A92D-E139991DF761","name":"700","version":1}