{"color":{"r":0.6745098039215687,"b":0.8627450980392157,"g":0.7137254901960783,"a":1},"index":2,"parentId":"4161D4D0-3A5B-43F3-8C85-9B5EB4D119CA","name":"50","version":1}