{"color":{"r":0.9254901960784314,"b":0.4784313725490196,"g":0.2509803921568627,"a":1},"index":3,"parentId":"2A8C098F-8B74-42D7-AAC9-F2FA7C96D6B7","name":"500 (primary)","version":1}