{"color":{"r":1,"b":0.2313725490196079,"g":0.9215686274509803,"a":1},"index":2,"parentId":"D979DA2D-1821-4F8C-91F9-D48C98972C46","name":"700","version":1}