{"color":{"r":0.984313725490196,"b":0.1764705882352941,"g":0.7529411764705882,"a":1},"index":2,"parentId":"D979DA2D-1821-4F8C-91F9-D48C98972C46","name":"900","version":1}