{"color":{"r":0.9803921568627451,"b":0.9803921568627451,"g":0.9803921568627451,"a":1},"index":13,"parentId":"38B2ED0B-3EFC-4DEB-AE19-0A78C3CC037E","name":"25","version":1}