{"color":{"r":0.6470588235294118,"b":0.3058823529411765,"g":0.07450980392156863,"a":1},"index":3,"parentId":"2A8C098F-8B74-42D7-AAC9-F2FA7C96D6B7","name":"900","version":1}