{"color":{"r":0.1803921568627451,"b":0.5294117647058824,"g":0.192156862745098,"a":1},"index":2,"parentId":"4161D4D0-3A5B-43F3-8C85-9B5EB4D119CA","name":"700","version":1}