{"color":{"r":1,"b":0.7686274509803921,"g":0.9764705882352941,"a":1},"index":2,"parentId":"D979DA2D-1821-4F8C-91F9-D48C98972C46","name":"500","version":1}