{"color":{"r":0.7607843137254902,"b":0.3568627450980392,"g":0.09411764705882353,"a":1},"index":3,"parentId":"2A8C098F-8B74-42D7-AAC9-F2FA7C96D6B7","name":"700","version":1}