{"color":{"r":0.1803921568627451,"b":0.196078431372549,"g":0.4901960784313725,"a":1},"index":1,"parentId":"FB5DC311-DF1E-4270-9B4E-D2EDF5FA25C3","name":"900","version":1}