{"color":{"r":0.2980392156862745,"b":0.3176470588235294,"g":0.6862745098039216,"a":1},"index":1,"parentId":"FB5DC311-DF1E-4270-9B4E-D2EDF5FA25C3","name":"700","version":1}