{"color":{"r":0.9058823529411765,"b":0.984313725490196,"g":0.9725490196078431,"a":1},"index":1,"parentId":"8E0440DF-2461-4753-8A71-FE624DCD0862","name":"50","version":1}