{"color":{"r":0.9725490196078431,"b":0.8156862745098039,"g":0.7333333333333333,"a":1},"index":3,"parentId":"2A8C098F-8B74-42D7-AAC9-F2FA7C96D6B7","name":"100","version":1}