{"color":{"r":0.7137254901960784,"b":0.9215686274509803,"g":0.8901960784313726,"a":1},"index":1,"parentId":"8E0440DF-2461-4753-8A71-FE624DCD0862","version":1}