{"color":{"r":1,"b":0.8156862745098039,"g":0.796078431372549,"a":1},"index":0,"parentId":"5D0954A6-C298-4365-A92D-E139991DF761","name":"500","version":1}