{"color":{"r":0.9607843137254902,"b":0,"g":0.4862745098039216,"a":1},"index":4,"parentId":"2F750C76-441F-4FD3-B7A1-6B0FCAA06966","name":"500","version":1}