{"color":{"r":0.8823529411764706,"b":0.9764705882352941,"g":0.9333333333333333,"a":1},"index":0,"parentId":"6DDD07A5-3E05-4B20-B9A8-53CF750AB526","name":"50","version":1}