{"color":{"r":0.05490196078431372,"b":0.6509803921568628,"g":0.580392156862745,"a":1},"index":1,"parentId":"8E0440DF-2461-4753-8A71-FE624DCD0862","name":"700","version":1}