{"color":{"r":0.08627450980392157,"b":0.8313725490196078,"g":0.7254901960784313,"a":1},"index":1,"parentId":"8E0440DF-2461-4753-8A71-FE624DCD0862","name":"500","version":1}