{"color":{"r":0.8784313725490196,"b":0.8784313725490196,"g":0.8784313725490196,"a":1},"index":9,"parentId":"38B2ED0B-3EFC-4DEB-AE19-0A78C3CC037E","name":"300","version":1}