{"color":{"r":0.8117647058823529,"b":0.1568627450980392,"g":0.2117647058823529,"a":1},"index":0,"parentId":"5D0954A6-C298-4365-A92D-E139991DF761","name":"900","version":1}