{"color":{"r":0.2313725490196079,"b":0.6627450980392157,"g":0.2666666666666667,"a":1},"index":2,"parentId":"4161D4D0-3A5B-43F3-8C85-9B5EB4D119CA","name":"500","version":1}