{"color":{"r":0.04705882352941179,"b":0.5058823529411764,"g":0.4549019607843139,"a":1},"index":1,"parentId":"8E0440DF-2461-4753-8A71-FE624DCD0862","name":"900","version":1}