{"color":{"r":0.1372549019607843,"b":0.407843137254902,"g":0.1607843137254902,"a":1},"index":2,"parentId":"4161D4D0-3A5B-43F3-8C85-9B5EB4D119CA","name":"900","version":1}