{"color":{"r":0.9725490196078431,"b":0.7333333333333333,"g":0.8823529411764706,"a":1},"index":4,"parentId":"2F750C76-441F-4FD3-B7A1-6B0FCAA06966","name":"50","version":1}