{"color":{"r":0.7568627450980392,"b":0.02352941176470588,"g":0.3215686274509804,"a":1},"index":4,"parentId":"2F750C76-441F-4FD3-B7A1-6B0FCAA06966","name":"900","version":1}