{"color":{"r":0.7843137254901961,"b":0.788235294117647,"g":0.9019607843137255,"a":1},"index":1,"parentId":"FB5DC311-DF1E-4270-9B4E-D2EDF5FA25C3","name":"500","version":1}